,City,Latitude,Longitude,Max Temperature,Humidity,Cloudiness,Wind Speed,Country,Date
0,Alekseyevsk,57.8406,108.3492,54.72,51,100,3.74,RU,1623600451
1,Bethel,41.3712,-73.414,79.48,64,40,6.91,US,1623600451
2,Nuevo Progreso,23.1667,-97.95,86.88,56,75,6.51,MX,1623600452
3,Camacha,33.0833,-16.3333,71.53,73,75,16.11,PT,1623600452
4,Atuona,-9.8,-139.0333,79.12,78,49,18.19,PF,1623600191
5,San Francisco,37.7749,-122.4194,74.64,86,75,1.99,US,1623600166
6,Albany,42.6001,-73.9662,79.63,62,29,1.01,US,1623600410
7,Punta Arenas,-53.15,-70.9167,41.11,75,0,16.11,CL,1623600453
8,Altay,47.8667,88.1167,49.82,48,10,6.98,CN,1623600453
9,Hearst,49.6835,-83.6665,70.21,57,84,9.8,CA,1623600453
10,Busselton,-33.65,115.3333,56.08,78,99,22.37,AU,1623600453
11,New Norfolk,-42.7826,147.0587,52.57,89,100,0.83,AU,1623600454
12,Arrondissement de Cholet,47.1667,-1.0,87.76,36,5,9.82,FR,1623600454
13,Sri Aman,1.2376,111.4621,73.65,99,100,0.94,MY,1623600454
14,Zambezi,-13.5432,23.1047,69.51,23,3,4.85,ZM,1623600455
15,Lianran,24.9227,102.485,66.07,89,55,3.53,CN,1623600455
16,Avarua,-21.2078,-159.775,71.65,73,100,4.61,CK,1623600199
17,Ushuaia,-54.8,-68.3,36.19,95,100,2.64,AR,1623600184
18,El Batey,19.7667,-70.5167,88.52,61,17,12.71,DO,1623600170
19,Hilo,19.7297,-155.09,80.28,85,33,5.99,US,1623600456
20,Matucana,-11.85,-76.4,40.19,43,3,7.85,PE,1623600456
21,Kudahuvadhoo,2.6708,72.8944,82.6,75,43,14.45,MV,1623600456
22,Hobart,-42.8794,147.3294,52.92,97,90,0.0,AU,1623600457
23,Saint-Philippe,-21.3585,55.7679,72.95,80,56,15.95,RE,1623600457
24,Port Lincoln,-34.7333,135.8667,58.77,75,100,12.86,AU,1623600457
25,Te Anau,-45.4167,167.7167,49.64,98,95,1.59,NZ,1623600458
26,Saint Anthony,45.0205,-93.218,85.93,34,20,3.0,US,1623600458
27,Nakasongola,1.3089,32.4564,74.95,58,88,4.5,UG,1623600458
28,Port Blair,11.6667,92.75,82.62,82,100,19.53,IN,1623600458
29,Mataura,-46.1927,168.8643,51.96,98,100,4.72,NZ,1623600459
30,Kostomuksha,64.571,30.5767,51.57,91,100,6.53,RU,1623600459
31,Port Alfred,-33.5906,26.891,65.61,77,44,5.73,ZA,1623600459
32,Saint Paul Harbor,57.79,-152.4072,49.51,81,90,4.61,US,1623600460
33,Kapaa,22.0752,-159.319,75.52,78,75,16.11,US,1623600460
34,Hermanus,-34.4187,19.2345,58.89,85,84,9.08,ZA,1623600460
35,Flin Flon,54.7682,-101.865,68.11,46,0,9.98,CA,1623600461
36,Yellowknife,62.456,-114.3525,55.56,82,100,15.01,CA,1623600461
37,Fort Saint James,54.4333,-124.25,56.91,54,99,3.76,CA,1623600461
38,Luwuk,-0.9516,122.7875,77.68,87,87,1.7,ID,1623600438
39,Clovis,36.8252,-119.7029,89.02,57,1,4.61,US,1623600462
40,Pisco,-13.7,-76.2167,66.25,68,90,5.75,PE,1623600462
41,Batagay,67.6333,134.6333,53.17,45,100,4.59,RU,1623600463
42,Mayo,38.8876,-76.5119,82.22,75,52,1.99,US,1623600463
43,Ziarat,30.3823,67.7282,73.49,8,0,9.78,PK,1623600463
44,Liezen,47.5667,14.2333,70.59,48,11,8.46,AT,1623600463
45,Sept-Îles,50.2001,-66.3821,59.25,51,5,5.99,CA,1623600529
46,Vaini,-21.2,-175.2,74.21,72,100,19.98,TO,1623600529
47,Faya,18.3851,42.4509,79.32,15,13,10.02,SA,1623600529
48,Ponta do Sol,32.6667,-17.1,75.0,71,55,3.11,PT,1623600530
49,Tasiilaq,65.6145,-37.6368,39.36,91,100,1.83,GL,1623600530
50,Whitehorse,60.7161,-135.0538,53.1,76,39,4.0,CA,1623600530
51,Dikson,73.5069,80.5464,32.85,99,100,11.3,RU,1623600531
52,Codrington,-38.2667,141.9667,48.02,79,95,6.15,AU,1623600531
53,La Ronge,55.1001,-105.2842,65.62,43,0,12.03,CA,1623600531
54,Cabo San Lucas,22.8909,-109.9124,86.5,69,75,3.44,MX,1623600323
55,Thompson,55.7435,-97.8558,51.24,75,100,10.51,CA,1623600532
56,Oruzgan,32.8333,66.0,78.58,9,0,6.69,AF,1623600532
57,Selma,36.5708,-119.6121,85.1,55,1,5.75,US,1623600532
58,Arraial do Cabo,-22.9661,-42.0278,73.26,56,40,11.5,BR,1623600532
59,Ancud,-41.8697,-73.8203,49.53,68,81,10.22,CL,1623600533
60,Meulaboh,4.1363,96.1285,78.6,86,75,5.46,ID,1623600533
61,Bariloche,-41.1456,-71.3082,46.44,50,75,11.5,AR,1623600310
62,Kaélé,10.1092,14.4508,92.55,38,97,8.99,CM,1623600533
63,Alexandria,31.2156,29.9553,76.12,60,0,11.45,EG,1623600446
64,Geraldton,-28.7667,114.6,61.21,82,75,11.5,AU,1623600534
65,Rikitea,-23.1203,-134.9692,74.68,77,16,8.7,PF,1623600534
66,Dingle,10.9995,122.6711,77.54,87,100,1.79,PH,1623600535
67,Torbay,47.6666,-52.7314,54.75,71,62,9.84,CA,1623600535
68,Ribeira Grande,38.5167,-28.7,72.0,83,20,9.22,PT,1623600535
69,Huambo,-12.7761,15.7392,68.45,27,37,4.76,AO,1623600535
70,Brewster,41.3973,-73.6171,78.35,68,40,7.16,US,1623600532
71,Hong Gai,20.956,107.0946,84.11,88,98,9.69,VN,1623600536
72,Chokurdakh,70.6333,147.9167,46.74,79,65,5.28,RU,1623600536
73,Leningradskiy,69.3833,178.4167,33.06,91,42,9.15,RU,1623600536
74,Mar del Plata,-38.0023,-57.5575,65.08,82,20,5.01,AR,1623600537
75,Saint-Augustin,51.226,-58.6502,47.73,84,100,3.8,CA,1623600537
76,Saskylakh,71.9167,114.0833,41.9,59,84,12.08,RU,1623600537
77,Salalah,17.0151,54.0924,84.29,84,20,11.5,OM,1623600538
78,Mahébourg,-20.4081,57.7,72.25,73,51,17.74,MU,1623600538
79,Sfântu Gheorghe,45.8667,25.7833,57.81,88,89,1.01,RO,1623600346
80,Xaçmaz,41.4635,48.806,68.59,89,20,9.06,AZ,1623600538
81,Hithadhoo,-0.6,73.0833,82.4,72,92,6.33,MV,1623600439
82,Watertown,42.3709,-71.1828,83.73,44,40,3.0,US,1623600247
83,Normandin,48.8333,-72.5321,64.69,41,9,4.92,CA,1623600539
84,Waingapu,-9.6567,120.2641,76.41,81,86,6.82,ID,1623600539
85,Los Llanos de Aridane,28.6585,-17.9182,70.12,83,40,12.66,ES,1623600540
86,Acaraú,-2.8856,-40.12,84.2,66,49,8.05,BR,1623600540
87,Kupang,-10.1667,123.5833,76.32,82,26,9.73,ID,1623600540
88,Bandar,2.05,99.75,75.58,98,98,2.64,ID,1623600541
89,Bluff,-46.6,168.3333,52.59,97,100,16.15,NZ,1623600541
90,Bondoukou,8.0333,-2.8,90.36,49,78,4.68,CI,1623600606
91,Clyde River,70.4692,-68.5914,33.06,92,100,13.49,CA,1623600607
92,Bredasdorp,-34.5322,20.0403,58.28,84,94,6.04,ZA,1623600607
93,Bataiporã,-22.2953,-53.2711,73.33,45,0,6.82,BR,1623600607
94,Corinth,37.9407,22.9573,85.8,58,13,1.97,GR,1623600450
95,Barrow,71.2906,-156.7887,33.82,100,90,12.66,US,1623600608
96,Tuatapere,-46.1333,167.6833,51.67,98,100,2.93,NZ,1623600608
97,Barra de Tecoanapa,16.5167,-98.75,82.74,73,100,2.19,MX,1623600608
98,Puerto Ayora,-0.7393,-90.3518,80.56,85,100,7.0,EC,1623600609
99,Ucluelet,48.9329,-125.5528,61.09,92,100,13.56,CA,1623600491
100,São Félix do Xingu,-6.6447,-51.995,92.07,35,69,4.61,BR,1623600609
101,Saint-Joseph,-21.3667,55.6167,71.96,79,54,14.32,RE,1623600609
102,Lebu,-37.6167,-73.65,50.61,86,100,18.66,CL,1623600610
103,Kruisfontein,-34.0033,24.7314,61.88,89,42,14.45,ZA,1623600610
104,Ahipara,-35.1667,173.1667,61.03,95,89,7.99,NZ,1623600610
105,Jamestown,42.097,-79.2353,81.72,61,75,5.75,US,1623600411
106,Zyryanka,65.75,150.85,58.3,47,61,7.11,RU,1623600611
107,Orlik,52.5178,99.825,40.46,87,28,3.42,RU,1623600611
108,Salinas,36.6777,-121.6555,72.19,78,90,5.75,US,1623600612
109,Pevek,69.7008,170.3133,38.1,69,38,3.04,RU,1623600612
110,Kamenka,51.3223,42.7678,69.66,81,100,4.16,RU,1623600612
111,Saldanha,-33.0117,17.9442,59.02,84,100,6.08,ZA,1623600612
112,Vikulovo,56.8167,70.6107,65.53,59,49,7.61,RU,1623600613
113,Alushta,44.6667,34.4167,69.48,82,64,7.4,UA,1623600613
114,Beloha,-25.1667,45.05,68.99,62,1,7.0,MG,1623600613
115,Kansanshi,-12.0951,26.4273,60.66,39,0,3.65,ZM,1623600614
116,Seddon,-37.8068,144.8916,53.08,89,90,5.75,AU,1623600614
117,Dalby,-27.1833,151.2667,49.71,74,10,6.96,AU,1623600614
118,Puerto Escondido,15.85,-97.0667,77.83,61,90,0.0,MX,1623600615
119,Saint George,37.1041,-113.5841,95.47,11,1,0.0,US,1623600422
120,Qaanaaq,77.484,-69.3632,37.04,80,23,2.66,GL,1623600615
121,Iquitos,-3.7481,-73.2472,78.84,78,75,8.05,PE,1623600615
122,Hamilton,39.1834,-84.5333,88.88,65,1,1.01,US,1623600616
123,Cape Town,-33.9258,18.4232,60.35,69,100,1.01,ZA,1623600405
124,Bay Saint Louis,30.3088,-89.33,91.49,67,97,5.12,US,1623600616
125,Praia,14.9215,-23.5087,84.74,61,0,9.22,CV,1623600616
126,Chumikan,54.7183,135.315,35.55,88,63,1.32,RU,1623600617
127,Vila Velha,-20.3297,-40.2925,77.97,58,20,13.8,BR,1623600479
128,Sai Buri,6.7013,101.6168,78.62,84,88,1.97,TH,1623600617
129,Nelson Bay,-32.7167,152.15,51.69,83,98,13.78,AU,1623600618
130,Khovd,48.0056,91.6419,59.36,37,68,4.47,MN,1623600618
131,George Town,5.4112,100.3354,83.89,80,20,0.0,MY,1623600528
132,Valparaíso,-33.0393,-71.6273,56.48,87,90,5.75,CL,1623600618
133,Abéché,13.8292,20.8324,102.02,18,94,6.8,TD,1623600619
134,Sinazongwe,-17.2614,27.4618,70.3,37,5,3.98,ZM,1623600684
135,Upernavik,72.7868,-56.1549,35.55,85,73,3.06,GL,1623600684
136,Bocas del Toro,9.3333,-82.25,90.07,74,100,5.28,PA,1623600685
137,Odienné,9.51,-7.5692,95.56,33,99,4.7,CI,1623600685
138,Victor Harbor,-35.5667,138.6167,60.91,66,95,5.14,AU,1623600685
139,Vila Franca do Campo,37.7167,-25.4333,72.01,71,57,2.8,PT,1623600686
140,Gamba,-2.65,10.0,79.32,79,61,7.54,GA,1623600686
141,Christchurch,-43.5333,172.6333,50.2,93,90,0.0,NZ,1623600686
142,Polonnaruwa,7.9333,81.0,81.7,64,95,13.56,LK,1623600687
143,Lagos,6.5833,3.75,86.41,63,83,8.05,NG,1623600107
144,Agde,43.3108,3.4758,97.9,52,0,5.99,FR,1623600687
145,Pakokku,21.3333,95.1,83.62,72,17,17.6,MM,1623600687
146,Broken Hill,-31.95,141.4333,55.31,44,98,7.49,AU,1623600688
147,Bambous Virieux,-20.3428,57.7575,72.21,73,57,17.63,MU,1623600688
148,Vardø,70.3705,31.1107,50.2,71,75,10.36,NO,1623600688
149,Lahān,26.7296,86.4951,83.5,72,82,5.99,NP,1623600688
150,Moerai,-22.4333,-151.3333,73.0,69,96,23.42,PF,1623600689
151,Ciudad Ojeda,10.1964,-71.3082,87.67,61,99,5.28,VE,1623600689
152,Bengkulu,-3.8004,102.2655,77.83,86,93,7.16,ID,1623600689
153,Bathsheba,13.2167,-59.5167,83.1,71,8,16.87,BB,1623600690
154,Acajutla,13.5928,-89.8275,85.8,67,51,5.01,SV,1623600690
155,North Bend,43.4065,-124.2243,64.94,93,90,0.0,US,1623600690
156,Kautokeino,69.0125,23.0412,52.43,55,100,15.68,NO,1623600691
157,Damaturu,11.747,11.9608,98.62,27,96,8.77,NG,1623600691
158,Provideniya,64.3833,-173.3,36.25,97,100,13.87,RU,1623600691
159,Cayenne,4.9333,-52.3333,80.64,89,75,8.05,GF,1623600691
160,Murgab,37.4966,61.9714,91.45,14,0,11.1,TM,1623600692
161,Severo-Kuril'sk,50.6789,156.125,42.85,97,100,17.67,RU,1623600692
162,Mareeba,-17.0,145.4333,70.45,96,71,1.72,AU,1623600692
163,Aquiraz,-3.9014,-38.3911,88.21,56,76,9.13,BR,1623600693
164,East London,-33.0153,27.9116,68.72,67,46,7.2,ZA,1623600693
165,Mehamn,71.0357,27.8492,46.58,87,75,14.97,NO,1623600693
166,Tura,25.5198,90.2201,76.69,93,78,6.76,IN,1623600694
167,Balkanabat,39.5108,54.3671,85.78,38,0,13.29,TM,1623600694
168,Tūkrah,32.5341,20.5791,74.88,67,1,12.41,LY,1623600694
169,Azle,32.8951,-97.5459,93.15,66,75,1.99,US,1623600695
170,Hirara,24.8,125.2833,83.16,84,100,16.67,JP,1623600695
171,Lac du Bonnet,50.2536,-96.0612,73.74,55,4,8.32,CA,1623600695
172,Port Elizabeth,-33.918,25.5701,64.09,69,42,15.46,ZA,1623600696
173,Yulara,-25.2406,130.9889,51.64,71,34,4.61,AU,1623600696
174,Gigmoto,13.7796,124.39,80.08,82,100,3.51,PH,1623600696
175,Terråk,65.087,12.3715,50.02,71,99,12.77,NO,1623600697
176,Butaritari,3.0707,172.7902,81.48,77,100,9.64,KI,1623600697
177,The Valley,18.217,-63.0578,86.09,75,20,17.05,AI,1623600697
178,Riberalta,-10.9833,-66.1,85.14,46,4,2.3,BO,1623600698
179,Bilma,18.6853,12.9164,106.32,8,87,11.01,NE,1623600698
180,Westport,41.1415,-73.3579,79.16,65,1,1.99,US,1623600457
181,Longyearbyen,78.2186,15.6401,35.44,60,75,17.27,SJ,1623600487
182,Coquimbo,-29.9533,-71.3436,58.73,67,20,5.75,CL,1623600764
183,Cidreira,-30.1811,-50.2056,64.87,55,0,3.24,BR,1623600764
184,Sítio Novo do Tocantins,-5.5183,-47.4611,93.02,41,25,2.93,BR,1623600764
185,Henties Bay,-22.116,14.2845,66.85,59,2,9.57,NA,1623600764
186,Coyhaique,-45.5752,-72.0662,41.61,87,90,2.3,CL,1623600765
187,Tautira,-17.7333,-149.15,75.22,83,71,18.19,PF,1623600765
188,Souillac,-20.5167,57.5167,72.36,75,33,16.4,MU,1623600765
189,Fukuechō,32.6881,128.8419,70.77,89,0,3.47,JP,1623600766
190,Talaya,61.3833,152.75,50.85,69,100,5.95,RU,1623600766
191,Cherskiy,68.75,161.3,53.44,53,100,4.12,RU,1623600766
192,Namatanai,-3.6667,152.4333,78.78,77,26,6.78,PG,1623600766
193,Yanam,16.7333,82.2167,81.0,86,100,4.47,IN,1623600767
194,Cururupu,-1.8283,-44.8683,88.07,58,23,6.29,BR,1623600767
195,Iskateley,67.6803,53.1512,75.83,30,85,9.15,RU,1623600767
196,Bichura,50.5881,107.6022,50.13,80,71,2.39,RU,1623600734
197,Villa de San Francisco,14.1667,-86.9667,80.08,59,100,3.4,HN,1623600768
198,Walvis Bay,-22.9575,14.5053,67.08,46,1,12.59,NA,1623600768
199,Ayan,56.45,138.1667,44.28,71,4,8.61,RU,1623600769
200,Codajás,-3.8367,-62.0569,88.43,54,66,2.42,BR,1623600769
201,Atbasar,51.8,68.3333,65.62,54,76,7.11,KZ,1623600769
202,Husavik,66.0449,-17.3389,36.84,91,100,24.16,IS,1623600769
203,Podporozh'ye,60.9112,34.1706,72.3,52,81,3.76,RU,1623600770
204,Airai,-8.9266,125.4092,58.42,92,91,2.15,TL,1623600770
205,Nuuk,64.1835,-51.7216,41.61,75,75,4.61,GL,1623600770
206,Bali,-8.5,115.0,79.77,91,96,5.79,ID,1623600771
207,Lüderitz,-26.6481,15.1594,64.78,63,46,7.99,NA,1623600771
208,Nikolskoye,59.7035,30.7861,64.78,86,96,7.25,RU,1623600771
209,Harper,4.375,-7.7169,83.1,71,100,7.52,LR,1623600772
210,Khatanga,71.9667,102.5,40.24,59,62,8.03,RU,1623600772
211,Aden,12.7794,45.0367,90.21,56,73,9.26,YE,1623600771
212,Maniitsoq,65.4167,-52.9,37.44,74,86,2.3,GL,1623600772
213,Katsuura,35.1333,140.3,74.1,91,100,8.43,JP,1623600553
214,Hong Kong,22.2855,114.1577,85.32,91,100,1.99,HK,1623600574
215,Aranos,-24.1333,19.1167,65.95,23,4,6.8,NA,1623600773
216,Tuktoyaktuk,69.4541,-133.0374,36.19,92,100,12.82,CA,1623600773
217,Noumea,-22.2763,166.4572,71.01,99,71,3.96,NC,1623600774
218,Itoman,26.1247,127.6694,81.37,91,75,10.36,JP,1623600774
219,Pangnirtung,66.1451,-65.7125,36.52,97,100,2.42,CA,1623600774
220,Amahai,-3.3333,128.9167,77.36,88,91,1.72,ID,1623600775
221,Launceston,-41.45,147.1667,50.14,91,90,3.44,AU,1623600569
222,Sandakan,5.8402,118.1179,75.04,92,100,6.91,MY,1623600775
223,Port Hardy,50.6996,-127.4199,53.28,92,97,14.32,CA,1623600841
224,Norman Wells,65.282,-126.8329,51.84,93,90,13.8,CA,1623600841
225,Iquique,-20.2208,-70.1431,62.64,66,2,5.28,CL,1623600841
226,Trairi,-3.2778,-39.2689,84.97,63,76,7.4,BR,1623600666
227,Vlad Ţepeş,44.35,27.0833,62.74,85,99,11.7,RO,1623600842
228,Agua Verde,22.9,-106.05,87.13,73,99,5.86,MX,1623600842
229,Kirakira,-10.4544,161.9205,77.5,82,80,9.57,SB,1623600842
230,Moose Factory,51.2585,-80.6094,62.69,27,100,4.07,CA,1623600843
231,Quakenbrück,52.6833,7.95,74.14,39,2,6.64,DE,1623600843
232,Hualmay,-11.0964,-77.6139,67.64,76,56,5.1,PE,1623600843
233,Tiksi,71.6872,128.8694,43.48,85,100,6.8,RU,1623600844
234,Francisco Beltrão,-26.0811,-53.055,68.52,45,0,4.74,BR,1623600844
235,Pangai,-19.8,-174.35,76.17,62,100,19.93,TO,1623600844
236,Hervey Bay,-25.2986,152.8535,58.03,75,71,3.0,AU,1623600845
237,Mnogovershinnyy,53.9353,139.9242,37.44,65,99,0.09,RU,1623600845
238,Pabradė,55.0,25.7833,59.43,72,100,13.42,LT,1623600845
239,Carlyle,38.6103,-89.3726,87.03,67,0,1.99,US,1623600845
240,Watsa,3.0372,29.5355,67.32,94,98,1.54,CD,1623600846
241,Myaundzha,63.0494,147.1858,55.33,48,37,6.53,RU,1623600846
242,Mount Gambier,-37.8333,140.7667,45.14,92,80,5.01,AU,1623600846
243,Carnarvon,-24.8667,113.6333,60.87,73,0,10.36,AU,1623600847
244,Mzimba,-11.9,33.6,56.84,72,2,5.77,MW,1623600847
245,Mossamedes,-15.1961,12.1522,78.71,50,97,8.99,AO,1623600738
246,Opuwo,-18.0607,13.84,72.84,18,95,8.1,NA,1623600847
247,Las Palmas,28.4204,-14.0131,70.59,68,20,17.27,ES,1623600848
248,Ginda,30.6945,78.4932,64.36,85,9,4.54,IN,1623600848
249,Wanaka,-44.7,169.15,49.05,95,90,4.12,NZ,1623600848
250,Sarandi,-23.4436,-51.8739,68.81,48,0,7.14,BR,1623600848
251,Alekseyevskaya,50.2896,42.1845,70.81,76,61,4.65,RU,1623600849
252,Kavaratti,10.5669,72.642,83.08,78,100,23.58,IN,1623600849
253,Itirapina,-22.2528,-47.8228,70.52,44,0,6.85,BR,1623600849
254,Kyshtovka,56.555,76.6271,61.59,80,32,7.72,RU,1623600850
255,Nanga Eboko,4.6833,12.3667,78.28,82,95,1.28,CM,1623600850
256,Noyabrsk,63.1994,75.4507,67.06,62,23,7.56,RU,1623600850
257,Aktas,49.7789,72.9608,60.55,67,98,7.4,KZ,1623600851
258,Terrace Bay,48.7834,-87.1,54.34,74,59,6.69,CA,1623600851
259,Calama,-22.4667,-68.9333,70.29,4,0,9.22,CL,1623600851
260,Saint-Pierre,-21.3393,55.4781,73.04,79,0,6.91,RE,1623600851
261,Muros,42.7762,-9.0603,74.16,84,65,4.16,ES,1623600852
262,Grand Gaube,-20.0064,57.6608,72.37,76,21,11.99,MU,1623600852
263,Castro,-24.7911,-50.0119,63.75,53,0,5.01,BR,1623600852
264,Saint-Louis,16.3333,-15.0,104.85,18,51,16.8,SN,1623600853
265,Vigrestad,58.5667,5.7,58.96,81,65,8.79,NO,1623600853
266,Tazovsky,67.4667,78.7,53.82,73,56,2.95,RU,1623600853
267,Ketchikan,55.3422,-131.6461,55.38,74,98,4.68,US,1623600854
268,Guerrero Negro,27.9769,-114.0611,68.2,70,42,12.66,MX,1623600625
269,Antofagasta,-23.65,-70.4,61.88,62,8,5.66,CL,1623600919
270,Kiryat Gat,31.61,34.7642,83.39,50,0,15.68,IL,1623600903
271,Rawson,-43.3002,-65.1023,49.41,68,100,10.36,AR,1623600919
272,Cranbrook,49.4999,-115.7688,60.64,51,40,3.44,CA,1623600914
273,Rjukan,59.8789,8.5941,67.64,62,96,6.55,NO,1623600920
274,Vostok,46.4856,135.8833,51.35,94,14,1.03,RU,1623600920
275,Juneau,58.3019,-134.4197,56.84,85,75,0.0,US,1623600910
276,Deep River,46.1001,-77.4995,75.94,41,68,2.06,CA,1623600921
277,Sungai Raya,0.7,108.9,77.81,91,100,6.17,ID,1623600921
278,Algiers,36.7525,3.042,76.82,65,0,11.5,DZ,1623600687
279,Nagarote,12.2659,-86.5647,85.68,64,94,6.24,NI,1623600921
280,Tilichiki,60.4667,166.1,41.43,83,8,5.64,RU,1623600922
281,Bandarbeyla,9.4942,50.8122,79.43,80,92,31.38,SO,1623600922
282,Guarapuava,-25.3953,-51.4581,65.53,39,0,3.69,BR,1623600922
283,Damara,4.9608,18.7035,78.13,79,100,4.0,CF,1623600923
284,Wilmington,34.2257,-77.9447,79.0,76,90,12.66,US,1623600750
285,Yablonovo,50.8523,37.3574,76.86,83,64,6.46,RU,1623600923
286,Pa Sang,18.5262,98.9394,82.6,74,100,10.31,TH,1623600923
287,Kaitangata,-46.2817,169.8464,51.91,98,100,9.31,NZ,1623600924
288,Grindavik,63.8424,-22.4338,46.56,87,90,17.27,IS,1623600924
289,Ilulissat,69.2167,-51.1,37.42,81,90,4.61,GL,1623600924
290,Nadym,65.5333,72.5167,72.54,42,87,6.8,RU,1623600924
291,San Quintín,30.4833,-115.95,68.32,71,13,13.06,MX,1623600925
292,Cape Canaveral,28.4058,-80.6048,92.05,66,20,6.91,US,1623600805
293,Port Macquarie,-31.4333,152.9167,47.37,77,92,5.08,AU,1623600925
294,Romano di Lombardia,45.5246,9.7484,95.43,45,0,11.5,IT,1623600925
295,Dinghaicun,26.2847,119.7936,81.52,92,100,3.2,CN,1623600926
296,Mae Hong Son,19.3003,97.9685,74.75,97,100,3.22,TH,1623600926
297,Bad Berleburg,51.05,8.4,74.61,42,2,5.06,DE,1623600926
298,College,64.8569,-147.8028,57.22,82,75,0.0,US,1623600927
299,Taoudenni,22.6783,-3.9836,115.68,6,3,8.5,ML,1623600927
300,Poum,-20.2333,164.0167,73.99,76,2,5.88,NC,1623600927
301,Ruidoso,33.3317,-105.673,84.96,28,1,14.97,US,1623600928
302,Balsas,-7.5325,-46.0356,95.25,30,37,4.47,BR,1623600917
303,Starychi,49.98,23.5585,55.89,95,96,17.02,UA,1623600928
304,Copiapó,-27.3667,-70.3333,53.29,29,0,4.14,CL,1623600928
305,Lompoc,34.6391,-120.4579,78.1,100,90,10.36,US,1623600706
306,St Austell,50.3383,-4.7658,71.83,73,0,12.66,GB,1623600929
307,Garissa,-0.4536,39.6401,83.82,44,52,14.94,KE,1623600929
308,Paamiut,61.994,-49.6678,38.03,92,75,12.1,GL,1623600930
309,Bjørnevatn,69.6672,29.9847,50.34,71,75,8.05,NO,1623600930
310,Wagar,16.1525,36.2032,107.6,12,83,4.16,SD,1623600930
311,Dunedin,-45.8742,170.5036,52.81,96,100,8.16,NZ,1623600930
312,Nome,64.5011,-165.4064,44.17,93,90,3.44,US,1623600931
313,Slave Lake,55.2834,-114.769,64.38,48,1,4.61,CA,1623600931
314,Labuhan,-6.8844,112.2051,78.94,83,34,7.07,ID,1623600931
315,Jhelum,32.9331,73.7264,95.0,30,1,6.46,PK,1623600852
316,Fethiye,36.6217,29.1164,76.87,53,35,4.43,TR,1623600997
317,Alofi,-19.0595,-169.9187,60.69,94,48,1.14,NU,1623600997
318,Lac-Mégantic,45.5834,-70.8823,75.22,35,100,6.38,CA,1623600997
319,Evensk,61.95,159.2333,45.21,72,20,0.92,RU,1623600998
320,Charters Towers,-20.1,146.2667,64.81,98,80,6.98,AU,1623600998
321,Nantucket,41.2835,-70.0995,77.97,73,1,11.5,US,1623600924
322,Pittsfield,42.4501,-73.2454,79.25,60,75,1.01,US,1623600998
323,Coahuayana Viejo,18.7333,-103.6833,81.88,81,100,0.87,MX,1623600999
324,Egvekinot,66.3167,-179.1667,34.25,82,96,4.07,RU,1623600999
325,Penzance,50.1186,-5.5371,72.28,81,4,2.66,GB,1623600958
326,Makakilo City,21.3469,-158.0858,73.72,78,20,0.0,US,1623600999
327,Mafinga,-7.25,35.0667,74.32,38,13,2.77,TZ,1623601000
328,Mirador,-6.3708,-44.3631,95.13,33,89,4.94,BR,1623601000
329,Byron Bay,-28.65,153.6167,48.87,78,27,5.39,AU,1623601000
330,Formosa do Rio Preto,-11.0483,-45.1931,93.51,26,99,4.41,BR,1623601001
331,Porangatu,-13.4408,-49.1486,94.05,28,52,4.34,BR,1623601001
332,Fortuna,40.5982,-124.1573,71.42,67,40,1.01,US,1623601001
333,Yumbing,9.2393,124.6578,81.36,76,81,2.46,PH,1623601001
334,Kumul,42.8,93.45,80.19,22,72,2.53,CN,1623601002
335,Altar,30.7,-111.8167,91.6,23,20,6.4,MX,1623601002
336,Kamaishi,39.2667,141.8833,65.07,92,100,3.71,JP,1623601002
337,Ciudad Bolivar,8.1222,-63.5497,89.22,47,22,9.46,VE,1623601003
338,Angoche,-16.2325,39.9086,71.62,78,4,11.48,MZ,1623601003
339,Tema,5.667,-0.0166,86.41,66,0,10.36,GH,1623601003
340,Shepsi,44.0361,39.1489,68.23,73,0,2.46,RU,1623601003
341,San Patricio,28.017,-97.5169,89.08,59,17,1.97,US,1623601004
342,Nanortalik,60.1432,-45.2371,37.15,89,97,7.67,GL,1623601004
343,Voyvozh,62.892,54.9635,66.7,67,86,3.62,RU,1623601004
344,Esperance,-33.8667,121.9,54.68,80,11,12.35,AU,1623601005
345,Qaqortoq,60.7167,-46.0333,50.5,75,77,7.9,GL,1623601005
346,Santa Maria da Boa Vista,-8.8078,-39.8256,92.37,29,7,12.84,BR,1623601005
347,Tsaratanana,-16.7833,47.65,71.51,86,66,3.31,MG,1623601006
348,Chegdomyn,51.1167,133.0167,51.73,91,25,3.69,RU,1623601006
349,Sarh,9.1429,18.3923,87.71,58,20,11.5,TD,1623601006
350,Stornoway,58.2093,-6.3865,55.36,82,75,17.27,GB,1623601006
351,Itanhandu,-22.2958,-44.9347,74.1,50,13,2.33,BR,1623601007
352,Nicoya,10.1483,-85.452,83.75,68,97,3.06,CR,1623601007
353,Impfondo,1.6381,18.0667,76.89,84,100,1.05,CG,1623601008
354,Paragominas,-2.9667,-47.4833,90.25,49,44,3.6,BR,1623601008
355,Olutanga,7.3106,122.8464,82.74,72,97,5.28,PH,1623601008
356,Nishihara,26.1842,127.7558,80.65,92,75,8.05,JP,1623601008
357,Chernyshkovskiy,48.4219,42.2308,77.13,60,60,7.78,RU,1623601009
358,Tignère,7.3667,12.65,70.32,87,100,4.25,CM,1623601009
359,Tahe,52.3333,124.7333,57.88,97,97,4.34,CN,1623601009
360,Arivonimamo,-19.0167,47.1833,59.05,93,100,4.97,MG,1623601010
361,Catanduva,-21.1378,-48.9728,75.49,26,0,7.54,BR,1623601010
362,Nakusp,50.2499,-117.8023,57.47,94,100,1.14,CA,1623601076
363,Yenagoa,4.9247,6.2642,86.2,65,74,6.31,NG,1623601076
364,Burnie,-41.0667,145.9167,54.91,85,98,6.13,AU,1623601076
365,Betanzos,43.2804,-8.2147,79.72,70,20,9.22,ES,1623601076
366,Kulhudhuffushi,6.6221,73.07,83.21,75,100,19.55,MV,1623601077
367,Hobe Sound,27.0595,-80.1364,91.98,65,40,9.22,US,1623601077
368,Saint-François,46.4154,3.9054,81.84,44,0,9.22,FR,1623601077
369,Talnakh,69.4865,88.3972,37.13,92,100,8.3,RU,1623601078
370,Guarapari,-20.6667,-40.4975,77.92,64,81,14.0,BR,1623601078
371,Sittwe,20.15,92.9,82.44,85,100,17.29,MM,1623601078
372,Tawang Town,27.5833,91.8667,54.63,90,51,3.58,IN,1623601079
373,Zaraysk,54.7653,38.8836,67.96,80,3,5.08,RU,1623601079
374,Narsaq,60.9167,-46.05,50.22,65,65,6.62,GL,1623601079
375,Makushino,55.2103,67.2442,66.85,56,49,4.68,RU,1623601079
376,Sur,22.5667,59.5289,90.19,64,0,6.02,OM,1623601080
377,Sundargarh,22.1167,84.0333,79.93,89,100,6.38,IN,1623601080
378,Lima,-12.0432,-77.0282,66.9,77,90,6.91,PE,1623600918
379,Bridlington,54.0831,-0.1919,76.89,79,79,7.43,GB,1623601080
380,Zhukovo,55.0318,36.744,68.77,77,28,6.49,RU,1623601081
381,Øksfjord,70.2396,22.3479,51.87,86,100,4.56,NO,1623601081
382,Danville,36.586,-79.395,80.62,66,90,6.91,US,1623601082
383,Thinadhoo,0.5333,72.9333,82.65,72,97,9.51,MV,1623601082
384,Taperoá,-7.2075,-36.8267,90.05,24,69,6.73,BR,1623601082
385,Santa Rosa,14.3122,121.1114,82.11,82,94,1.66,PH,1623601083
386,Iqaluit,63.7506,-68.5145,38.93,80,75,8.99,CA,1623601083
387,Broome,42.2506,-75.833,79.92,69,20,1.99,US,1623601083
388,Struer Municipality,56.4912,8.5838,66.67,67,3,14.25,DK,1623601083
389,Pacific Grove,36.6177,-121.9166,71.8,86,75,4.0,US,1623600791
390,Sisimiut,66.9395,-53.6735,37.49,79,100,6.04,GL,1623601084
391,Krasnosel'kup,65.7,82.4667,53.37,52,62,7.58,RU,1623601084
392,Balyqshy,47.0667,51.8667,82.4,44,40,8.95,KZ,1623601084
393,Cabedelo,-6.9811,-34.8339,86.67,73,94,8.97,BR,1623601083
394,Amberley,39.2048,-84.428,88.07,64,1,1.99,US,1623601085
395,Kidal,18.4411,1.4078,109.08,9,2,5.48,ML,1623601085
396,East Stroudsburg,40.9995,-75.1813,73.36,91,100,4.05,US,1623600836
397,Jequié,-13.8575,-40.0836,80.15,64,85,6.96,BR,1623601086
398,Betioky,-23.7167,44.3833,69.06,73,78,6.31,MG,1623601086
399,Peterhead,57.5058,-1.7981,74.44,78,54,14.05,GB,1623601086
400,Diffa,13.3154,12.6113,104.0,19,80,5.99,NE,1623601087
401,Aykhal,66.0,111.5,42.62,84,100,12.57,RU,1623601087
402,Muisne,0.6,-80.0333,80.71,84,100,9.22,EC,1623601087
403,Morrinhos,-17.7311,-49.0994,82.78,34,83,5.01,BR,1623601088
404,Praia,14.9215,-23.5087,84.74,61,0,9.22,CV,1623601088
405,Bubaque,11.2833,-15.8333,81.73,80,31,15.14,GW,1623601153
406,Fairbanks,64.8378,-147.7164,58.24,83,75,0.0,US,1623601154
407,Kuusamo,65.9667,29.1833,59.04,58,20,9.22,FI,1623601154
408,Hobyo,5.3505,48.5268,78.98,79,96,25.88,SO,1623601154
409,Bela Vista,-22.1089,-56.5211,78.51,30,0,5.7,BR,1623601155
410,Mackenzie,55.2999,-123.1698,48.42,87,90,4.61,CA,1623601155
411,Nara,34.6851,135.8049,72.5,82,100,0.2,JP,1623601109
412,Faanui,-16.4833,-151.75,80.2,77,14,16.37,PF,1623601155
413,Menongue,-14.6585,17.691,70.09,25,40,5.12,AO,1623601156
414,Svirstroy,60.7999,33.7248,70.79,57,72,9.17,RU,1623601156
415,Margate,51.3813,1.3862,75.11,74,7,9.82,GB,1623601156
416,Kargasok,59.0556,80.8572,53.8,65,3,7.29,RU,1623601156
417,Novy Urengoy,66.0833,76.6333,69.62,46,34,2.86,RU,1623601157
418,Oudtshoorn,-33.5907,22.2014,55.76,69,34,6.67,ZA,1623601157
419,Urubichá,-15.3833,-62.95,81.18,41,0,0.49,BO,1623601157
420,Gīdam,18.9833,81.4,78.48,89,100,5.26,IN,1623601158
421,Boyolangu,-8.1181,111.8935,76.03,90,63,3.44,ID,1623601158
422,Andros Town,24.7,-77.7667,84.16,62,97,8.19,BS,1623601158
423,Hofn,64.2539,-15.2082,37.42,81,90,33.38,IS,1623601159
424,Caravelas,-17.7125,-39.2481,78.21,57,87,11.81,BR,1623601159
425,Pitimbu,-7.4706,-34.8086,86.59,73,91,8.88,BR,1623601159
426,Bad Gandersheim,51.8667,10.0333,71.22,47,13,8.46,DE,1623601160
427,Nísia Floresta,-6.0911,-35.2086,88.61,54,85,8.63,BR,1623601160
428,West Bend,43.4253,-88.1834,83.35,39,1,9.22,US,1623601160
429,Luanda,-8.8368,13.2343,77.67,78,24,15.66,AO,1623601160
430,Suozhen,36.9539,118.1047,86.22,67,96,7.18,CN,1623601161
431,Fougamou,-1.2154,10.5838,81.68,87,93,0.38,GA,1623601161
432,Beringovskiy,63.05,179.3167,33.98,99,100,12.37,RU,1623601161
433,Mīzan Teferī,6.9833,35.5833,62.94,95,86,0.92,ET,1623601162
434,Praia da Vitória,38.7333,-27.0667,73.65,78,20,5.01,PT,1623601162
435,Laas,46.6166,10.7002,84.11,56,45,6.4,IT,1623601162
436,Beisfjord,68.3751,17.5988,50.05,95,100,8.81,NO,1623601163
437,Sitka,57.0531,-135.33,57.6,67,21,3.67,US,1623601163
438,Schwetzingen,49.3781,8.5819,78.21,34,0,9.22,DE,1623601163
439,Seoul,37.5683,126.9778,70.99,94,94,4.61,KR,1623600922
440,Lata,40.1629,-8.3327,84.04,53,98,5.93,PT,1623601164
441,Swan Hill,-35.3378,143.5544,50.36,69,78,5.26,AU,1623601101
442,Athens,37.9795,23.7162,85.3,46,40,4.0,GR,1623601067
443,Nova Olímpia,-14.7972,-57.2881,89.91,36,97,1.54,BR,1623601164
444,Araouane,18.9048,-3.5265,112.71,6,20,7.29,ML,1623601165
445,Pirapemas,-3.7267,-44.2233,91.44,47,48,4.07,BR,1623601165
446,Caçapava do Sul,-30.5122,-53.4914,63.3,56,0,3.36,BR,1623601165
447,Inhambane,-23.865,35.3833,69.78,78,20,0.0,MZ,1623601166
448,Pathein,16.7833,94.7333,77.54,88,100,11.34,MM,1623601231
449,Sawtell,-30.3833,153.1,50.18,93,75,0.0,AU,1623601231
450,Havre-St-Pierre,50.2334,-63.5986,59.36,38,40,8.05,CA,1623601232
451,Bairiki Village,1.3292,172.9752,81.7,78,49,10.96,KI,1623601232
452,Kaliua,-5.0606,31.7936,73.04,52,3,3.74,TZ,1623601232
453,Fare,-16.7,-151.0167,79.75,79,7,16.46,PF,1623601233
454,Kahului,20.8947,-156.47,73.42,80,40,10.36,US,1623601233
455,Lunglei,22.8833,92.7333,69.75,95,75,1.59,IN,1623601233
456,Hasaki,35.7333,140.8333,70.29,88,93,10.33,JP,1623601234
457,Plouzané,48.3833,-4.6167,82.49,48,0,6.91,FR,1623601234
458,Arman',59.7,150.1667,44.29,73,9,3.71,RU,1623601234
459,Klyuchi,52.2667,79.1667,57.51,90,99,7.09,RU,1623601235
460,Cockburn Town,21.4612,-71.1419,84.16,70,20,17.27,TC,1623601235
461,Poya,-21.35,165.15,69.6,86,36,3.18,NC,1623601235
462,Comodoro Rivadavia,-45.8667,-67.5,49.86,46,20,12.66,AR,1623601061
463,Panabá,21.2833,-88.2667,83.44,66,100,8.93,MX,1623601235
464,Shushenskoye,53.325,91.9356,58.68,87,100,5.97,RU,1623601236
465,Nālūt,30.3333,10.85,94.14,13,0,18.3,LY,1623601236
466,Amapá,1.0,-52.0,89.92,50,48,3.11,BR,1623601236
467,Erenhot,43.6475,111.9767,70.9,57,100,8.61,CN,1623601237
468,Progress,40.2851,-76.8314,76.23,78,90,4.0,US,1623601237
469,Havelock,34.8791,-76.9013,80.58,82,90,7.0,US,1623601237
470,Marsh Harbour,26.5412,-77.0636,83.68,71,45,15.5,BS,1623601238
471,Port Hedland,-20.3167,118.5667,66.25,82,34,0.0,AU,1623601238
472,Dapaong,10.8639,0.205,95.16,36,91,7.78,TG,1623601238
473,Belaya Gora,68.5333,146.4167,53.02,73,98,6.13,RU,1623601239
474,Estelle,29.8458,-90.1067,93.06,62,40,9.22,US,1623601239
475,Springfield,37.2153,-93.2982,85.53,49,1,1.01,US,1623601216
476,Baykit,61.67,96.37,44.49,81,45,6.51,RU,1623601239
477,Nurota,40.5614,65.6886,82.49,13,0,17.27,UZ,1623601240
478,Sinjār,36.3209,41.8754,90.28,13,0,13.51,IQ,1623601022
479,Vallenar,-28.5708,-70.7581,70.14,34,0,3.4,CL,1623601240
480,Zheleznodorozhnyy,55.7503,38.0042,73.92,65,50,5.3,RU,1623601141
481,LaBelle,26.7617,-81.4384,92.05,39,51,9.69,US,1623601240
482,Kavieng,-2.5744,150.7967,81.9,77,15,10.49,PG,1623601241
483,Moche,-8.1711,-79.0092,66.38,94,90,6.91,PE,1623601241
484,Petropavlovsk-Kamchatskiy,53.0452,158.6483,45.19,100,90,2.24,RU,1623601241
485,Mariental,-24.6333,17.9667,69.84,18,2,6.13,NA,1623601242
486,Ol'ga,43.7444,135.2892,53.67,96,73,8.81,RU,1623601242
487,Hayrabolu,41.2131,27.1069,74.66,94,100,12.3,TR,1623601242
488,Kholodnyy,62.7167,147.95,57.24,43,25,6.8,RU,1623601243
489,Prince Rupert,54.3161,-130.3201,53.29,96,90,0.0,CA,1623601162
490,São Miguel,-5.4667,-35.3667,88.57,58,88,13.38,BR,1623601243
491,Kedrovyy,56.1667,91.8167,52.21,99,100,6.22,RU,1623601243
492,Mulchén,-37.7167,-72.2333,49.86,93,100,6.33,CL,1623601244
493,Sheridan,44.8333,-106.9173,76.46,34,1,1.01,US,1623601244
494,Arlit,18.7369,7.3853,108.12,6,0,18.45,NE,1623601244
495,Duyun,26.2667,107.5167,70.74,98,37,5.01,CN,1623601309
496,Kamina,-8.7386,24.9906,72.43,35,0,4.56,CD,1623601310
497,Kasongo-Lunda,-6.4667,16.8167,86.47,28,76,3.69,CD,1623601310
498,Vao,-22.6667,167.4833,73.22,83,61,9.91,NC,1623601310
499,Yumen,40.2833,97.2,71.78,35,53,8.95,CN,1623601311
500,Miandrivazo,-19.5167,45.4667,70.68,68,45,3.11,MG,1623601311
501,Epe,6.5841,3.9834,85.69,65,71,8.75,NG,1623601311
502,Chauk,20.8833,94.8167,81.32,79,32,18.68,MM,1623601312
503,Richards Bay,-28.783,32.0377,69.46,54,1,6.46,ZA,1623601312
504,São Gabriel da Cachoeira,-0.1303,-67.0892,82.2,74,75,2.3,BR,1623601312
505,Waipawa,-41.4122,175.5153,56.03,85,100,7.02,NZ,1623601313
506,Selty,57.3132,52.1345,68.13,79,42,7.0,RU,1623601313
507,Pundaguitan,6.3711,126.1689,82.9,71,57,2.71,PH,1623601313
508,Fergus Falls,46.283,-96.0776,84.87,45,1,14.0,US,1623601314
509,Innisfail,-17.5333,146.0333,71.4,96,98,2.68,AU,1623601314
510,Barugo,11.3242,124.7383,76.59,90,100,2.77,PH,1623601314
511,Kyra,49.5776,111.9753,56.71,92,100,5.59,RU,1623601315
512,Osinovo,55.8809,48.881,73.49,77,66,7.99,RU,1623601315
513,Philadelphia,39.9523,-75.1638,80.31,65,75,4.0,US,1623601130
514,Boddam,57.4667,-1.7833,74.43,80,49,14.63,GB,1623601315
515,Rapid Valley,44.0625,-103.1463,82.33,48,20,1.01,US,1623601316
516,Lamar,33.6668,-95.5836,92.89,66,1,5.75,US,1623601316
517,Karasjok,69.4719,25.5112,53.71,68,100,4.07,NO,1623601316
518,Boa Vista,2.8197,-60.6733,89.58,51,75,9.22,BR,1623601316
519,Lorengau,-2.0226,147.2712,81.25,80,12,6.58,PG,1623601317
520,Chui,-33.6971,-53.4616,66.13,62,0,7.47,UY,1623601317
521,Marzuq,14.4,46.4667,86.76,13,69,1.88,YE,1623601317
522,South Lake Tahoe,38.9332,-119.9844,73.72,54,1,6.91,US,1623601033
523,San Cristobal,7.7669,-72.225,82.58,52,70,8.08,VE,1623601318
524,Klaksvík,62.2266,-6.589,49.12,75,100,19.35,FO,1623601318
525,Reconquista,-29.15,-59.65,72.36,35,0,11.77,AR,1623601318
526,Shelburne,44.0787,-80.2041,77.56,45,79,7.2,CA,1623601319
527,Adrar,20.5022,-10.0711,111.11,7,25,10.27,MR,1623601319
528,Atar,20.5169,-13.0499,110.98,10,43,18.68,MR,1623601319
529,Abatskiy,56.2875,70.4555,65.3,74,39,9.15,RU,1623601320
530,Laguna,38.421,-121.4238,79.25,69,1,3.0,US,1623601257
531,Tongren,27.7172,109.1853,76.71,92,71,2.84,CN,1623601320
532,Itupiranga,-5.1347,-49.3267,90.12,48,64,0.09,BR,1623601321
533,Sanguem,15.2333,74.1667,81.88,97,100,8.28,IN,1623601321
534,San Luis,-33.295,-66.3356,69.85,34,1,7.09,AR,1623601183
535,Caxito,-8.5785,13.6643,85.5,46,63,9.24,AO,1623601321
536,Lagoa,39.05,-27.9833,68.07,74,2,3.51,PT,1623601322
537,Humaitá,-7.5061,-63.0208,91.35,42,86,3.22,BR,1623601322
538,Bandar-e Lengeh,26.5579,54.8807,91.51,75,0,13.8,IR,1623601322
539,Ambon City,-3.6954,128.1814,75.34,94,40,5.75,ID,1623601323
540,Nieuw Amsterdam,5.8833,-55.0833,87.96,73,75,6.91,SR,1623601323
541,Venado Tuerto,-33.7456,-61.9688,74.89,38,1,17.49,AR,1623601388
542,Lady Frere,-31.7031,27.2329,63.75,35,27,9.71,ZA,1623601389
543,Itarema,-2.9248,-39.9167,84.7,63,75,8.19,BR,1623601389
544,Acarí,-15.4311,-74.6158,73.42,56,42,6.53,PE,1623601389
545,Sarakhs,36.5449,61.1577,98.74,14,0,13.8,IR,1623601390
546,Mandalī,33.7499,45.5541,96.22,11,0,18.16,IQ,1623601390
547,Tabou,4.423,-7.3528,82.76,72,100,7.4,CI,1623601390
548,Semnan,35.5729,53.3971,93.69,11,0,4.83,IR,1623601391
549,Brae,60.3964,-1.353,51.71,96,100,17.13,GB,1623601391
550,São Filipe,14.8961,-24.4956,75.25,84,94,4.61,CV,1623601391
551,Atambua,-9.1061,124.8925,71.6,86,88,4.47,ID,1623601392
552,Swan River,52.1058,-101.2676,71.49,37,1,10.36,CA,1623601392
553,Kropotkin,45.4375,40.5756,72.66,71,56,4.25,RU,1623601392
554,Asău,46.4333,26.4,64.76,63,92,5.68,RO,1623601392
555,Marion,39.7684,-86.1555,86.52,54,20,10.36,US,1623601377
556,Isangel,-19.55,169.2667,73.71,89,11,7.81,VU,1623601393
557,Tessalit,20.1986,1.0114,110.79,6,11,8.7,ML,1623601393
558,Katghora,22.5,82.55,85.95,64,100,3.53,IN,1623601393
559,Joniškis,56.2403,23.6153,65.32,64,42,17.29,LT,1623601394
560,Whitefish,48.4111,-114.3376,67.1,65,1,0.0,US,1623601394
561,Isla Mujeres,21.2311,-86.731,89.65,80,100,9.62,MX,1623601394
562,Mūlki,13.1,74.8,74.48,94,90,5.75,IN,1623601395
563,Moorhead,46.8739,-96.7676,82.42,36,1,12.66,US,1623601395
